{
  "total_examples": 47,
  "train_examples": 37,
  "validation_examples": 10,
  "papers_used": [
    "0707.0963",
    "0903.2030",
    "0908.1955",
    "0909.5368",
    "1003.0142",
    "1004.4323",
    "1011.1949",
    "1101.4707",
    "1106.0553",
    "1108.3117",
    "1212.5459",
    "1307.2594",
    "1311.6759",
    "1402.5467",
    "1503.01456",
    "1504.06030",
    "1604.00916",
    "1611.10135",
    "1612.00858",
    "1612.08208",
    "1711.05336",
    "1803.03226",
    "1803.09813",
    "1804.04073",
    "1806.07862",
    "1904.06560",
    "1904.09291",
    "1905.13641",
    "1907.04818",
    "1910.11333",
    "1912.10721",
    "2001.08343",
    "2002.07119",
    "2005.05843",
    "2006.04718",
    "2008.07265",
    "2008.07411",
    "2009.00781",
    "2010.05925",
    "2106.06173",
    "2106.14734",
    "2112.02933",
    "2112.03708",
    "2205.15253",
    "2208.09460",
    "2303.02170",
    "2304.06087"
  ]
}